{"Bronson Guitar Works": [33.4956673, -111.9330396, 4.0, 4.1], "Grocery Outlet": [33.6393947, -112.1525661, 3.5, 3.5], "Statclinix Urgent Care and Rehabilitation": [33.6228849, -111.892054, 3.0, 4.2], "Soma Cafe": [33.5839581, -111.9788671, 3.5, 3.7], "Postino Central": [33.5126276, -112.0740912, 4.5, 3.7], "Crust Pizza and Wine Cafe": [33.5381018, -111.9085143, 4.0, 3.7], "Liyuen": [33.4331095, -112.0826156, 4.5, 3.3], "Lydias La Canasta  Mexican Restaurant": [33.4509281, -112.1132951, 4.0, 3.6], "My PC Techs": [33.3312, -112.0494, 5.0, 4.1], "Innovative Primary Care": [33.378645, -111.769701, 1.5, 4.0], "Angelo Bellone CPA": [33.583056, -112.007907, 5.0, 3.8], "Windy City Pawn Brokers": [33.494826, -112.0782014, 4.5, 3.7], "Mozaic At Steel Park": [33.493706, -112.066893, 2.0, 2.7], "Erickbertos Mexican Resturant": [33.4154395926, -111.582072973, 4.5, 3.6], "Asahi Bakery": [33.5252492, -112.0476687, 4.0, 4.1], "Reach 11 Sports Complex": [33.683568, -112.0258713, 4.5, 4.2], "Krazy Sub-Steve's": [33.4364193, -111.8397048, 3.5, 3.6], "Polibertos": [33.6401052, -112.1292664, 4.0, 3.5], "Brenda's Subs": [33.3498648, -111.8766855, 3.5, 3.5], "Seay's": [33.484149, -112.074924, 3.0, 3.9], "Sonic drive-in": [32.996775, -111.523273, 1.5, 3.1], "Legacy Pest Control": [33.381646, -111.728112, 4.0, 4.1], "Iron Chef": [33.2334647723, -111.687451601, 4.0, 3.5], "Arizona Hiking Shack": [33.480998, -112.010897, 4.0, 4.0], "Ham Radio Outlet": [33.583356, -112.1514986, 4.5, 3.4], "Trails Department Store": [33.6404799, -112.093999, 2.5, 3.7], "Aladdins Window Tinting": [33.5822186218, -112.160179002, 5.0, 3.8], "Gangplank": [33.2997555, -111.8416706, 5.0, 4.0], "PING Golf": [33.5884088876, -112.107691212, 5.0, 3.9], "Vintage Housekeeping": [33.254055, -111.632205, 5.0, 4.1], "La 15 Y Salsas": [33.5710426, -112.0914133, 4.5, 3.9], "Johnny's Uptown": [33.5102803, -112.0720329, 2.5, 3.7], "AMI Diamond & Jewelry": [33.5989116, -111.9813729, 4.5, 3.8], "Sonic of Gilbert #1": [33.367864, -111.789388, 2.5, 3.5], "Casa Palomino Mexican Resturant": [32.9873654, -111.5240382, 4.0, 2.8], "Bacon": [33.4960516, -111.9303102, 3.0, 3.6], "Downtown Scottsdale Trolley": [33.494471, -111.920926, 3.5, 3.9], "Dv Nail Salon": [33.5092104, -112.0462319, 3.5, 3.6], "Bento Box": [33.711091, -112.1122766, 4.0, 3.8], "St Francis Xavier Catholic Church": [33.505983, -112.071439, 4.0, 4.8], "Bronzed Bella Organic Spray Tanning": [33.4183159, -111.9311939, 5.0, 3.7], "X O Nails": [33.3490842, -111.9449183, 3.5, 3.6], "BevMo!": [33.6386021, -112.2035449, 4.0, 3.8], "Skies of Blue": [33.073932, -112.014841, 5.0, 4.0], "On the Border Mexican Grill & Cantina": [33.3832998, -111.8055351, 2.5, 3.4], "Superior Racing Development": [33.4264, -111.901584, 5.0, 4.1], "Dobson Warner Dentistry": [33.3350276, -111.8774288, 2.5, 4.3], "Tiana's Nails": [33.218044, -111.791834, 4.5, 3.4], "Foothills Garage Door": [33.355589, -111.985695, 5.0, 3.5], "Ophthalmic Surgeons and Physicians, Ltd.": [33.33477, -111.976236, 3.5, 3.6], "CPR Cell Phone Repair": [33.5387147564, -111.887550135, 5.0, 4.0], "Whitey's Auto Repair": [33.4822292, -111.9221077, 5.0, 4.4], "Hohokam Park": [33.4393661842, -111.830222227, 4.5, 3.9], "Stand Up Live": [33.4475173, -112.0742715, 3.0, 4.1], "Nordstrom Rack": [33.3060063, -111.8860673, 3.5, 3.5], "Mc Donald's": [33.2536631, -111.6360068, 2.0, 3.5], "Joyce Bassett, DDS": [33.6153679, -111.892415, 3.0, 4.4], "Wally's' American Pub N Grill": [33.5106961, -111.9865579, 4.0, 3.7], "Sun Devil Auto": [33.4804384, -111.9990577, 2.0, 3.9], "Chaparral Dental": [33.5094291, -111.9109408, 5.0, 4.4], "Patriot's Square Park": [33.448654, -112.073195, 1.0, 3.9], "Star Ginger": [33.2816398, -111.9729284, 4.0, 3.5], "Rincon Peruano Peruvian Restaurant": [33.4124824, -111.8567911, 3.0, 3.7], "Pho 68": [33.337009, -111.875775, 3.5, 3.7], "Phoenix Zoo": [33.4537841, -111.9532638, 4.0, 4.3], "Cesar Chavez Branch Library": [33.3767277, -112.1386706, 3.0, 3.3], "Gratifying Grains": [33.351069, -111.857927, 5.0, 3.9], "La Piazza Locale": [33.4493442, -112.0725195, 4.5, 3.8], "Picosito Mexican Grill": [33.423497, -112.237113, 3.0, 3.2], "Surprise Mini Storage": [33.6274305, -112.3938162, 5.0, 3.7], "Mr Sparky": [33.683207, -112.075301, 1.5, 3.9], "Genos Pizza & Cheesesteak": [33.3774817833, -111.6197803, 3.0, 3.4], "AT&T": [33.64053, -111.92477, 3.0, 3.6], "Paradise Valley Dental Group PC": [33.530659, -111.928223, 3.0, 4.4], "Bug & Weed Mart": [33.2610383162, -111.789400357, 4.5, 4.0], "Honest Auto and Cycle": [33.5953221, -112.2567801, 5.0, 3.7], "Saguaro Lake": [33.5084229, -111.6842402, 4.5, 3.9], "Christine Harter MD PC": [33.6762326, -112.119911, 1.0, 3.2], "The Joint": [33.6395011, -112.0717684, 5.0, 4.2], "Willow Stream Spa at the Fairmont": [33.6456173333, -111.91711843, 4.5, 4.1], "Budget": [33.638388, -112.2019189, 4.0, 3.1], "Crush'd Wine Bar and Market": [33.610963, -111.927561, 4.5, 3.6], "The Clothing Bar By One Vogue": [33.5855023929, -111.928073878, 5.0, 3.8], "French Grocery": [33.516464, -112.0823359, 4.0, 3.6], "Pita Jungle": [33.6756727, -111.9791944, 4.0, 3.7], "Crust Pizzeria & Ristorante": [33.6384005, -111.9795246, 4.0, 3.6], "Exit 7 Bar & Grill": [33.5375425, -112.2308822, 3.5, 3.4], "KC Animal Hospital": [33.582962, -111.832133, 4.5, 4.7], "Wild Horse West": [33.7966835556, -112.241818213, 4.0, 2.8], "Checker Pool & Pump Supply": [33.494748, -112.020896, 4.5, 3.4], "The Willows Home and Garden": [33.494865, -112.000311, 4.0, 3.9], "Orpheum Theatre": [33.449036, -112.0767662, 5.0, 4.3], "Lucky Boy Burger Shop": [33.487843, -112.048021, 4.0, 3.3], "Crackers & Co Cafe": [33.383949, -111.843786, 4.5, 3.4], "Arete Realty & Property Management": [33.631494, -111.927256, 2.5, 3.5], "Hardtailz": [33.6382871, -112.134828, 3.5, 3.2], "MMA Lab": [33.6411514, -112.2193658, 5.0, 4.0], "SpringHill Suites Phoenix Sports & Entertainment District": [33.5426185, -112.2596783, 3.0, 3.9], "s.e.e.d. cafe": [33.495495, -111.9995627, 4.5, 4.0], "Breadsmith": [33.4671905837, -111.682403684, 4.5, 3.8], "Bink's Midtown": [33.4877814299, -112.031467529, 4.0, 3.6], "Red Mountain Florist": [33.4671393996, -111.682573992, 5.0, 3.8], "PF Chang's China Bistro": [33.7129797, -112.1117351, 3.5, 3.3], "MG Pharmacy": [33.639133, -112.145691, 5.0, 3.2], "Mickey D'S Cafe": [33.416551, -111.56101, 3.0, 3.3], "Pampered Paws": [33.6153903, -111.8766041, 5.0, 4.5], "China Chili": [33.48585, -112.0691813, 4.0, 3.1], "GROWop": [33.457785, -112.066589, 5.0, 4.1], "Stacy's Smokehouse": [33.494997, -112.045639, 3.5, 3.5], "Express Auto Spot": [33.539414, -112.1504185, 3.5, 4.1], "Lucy's Fountainhead Cafe": [33.402992, -111.962537, 4.5, 3.8], "Play All Day! Pet Care": [33.5903698, -112.1728283, 5.0, 3.7], "Arizona Falls": [33.4903976, -111.9566335, 4.5, 4.5], "An Affair To Remember": [33.5945419, -111.88034, 2.5, 3.4], "Notorious Burgers": [33.564852, -111.9255724, 4.0, 3.4], "Maid 4 It All": [33.4660406, -112.0118669, 1.0, 3.0], "Sees Candies-Az 10": [33.5515072, -112.2692747, 5.0, 4.0], "Vitality Health & Fitness": [33.5092351, -112.0667291, 5.0, 4.3], "Nu U Medspa": [33.6284001, -112.2396974, 2.5, 3.5], "Frenzy Stamper": [33.4981611, -111.9285767, 4.5, 3.8], "Essential Health and Beauty Centers": [33.502462, -111.91915, 4.5, 4.4], "Stellar Adventures": [33.48727, -111.92614, 4.5, 3.8], "As You Wish Pottery Painting Place": [33.666702, -112.123307, 3.5, 3.4], "Pro Vitamins": [32.87808, -111.74778, 4.5, 3.7], "The Mission": [33.4922696, -111.9245492, 4.0, 3.6]}